Item Name,Active Price,Department,Item Description,,
CONSUMABLE,485,CT SCAN,CT COMSUMABLE,,
CRANIAL PLAIN,"7,667.40",CT SCAN,CRANIAL PLAIN WITH BONE WINDOW OR CORONAL CUTS,,
CT CD COPY,200,CT SCAN,CD COPY,,
CT CHEST CT SCAN (PLAIN),"4,455.00",CT SCAN,Disc P50 PLUS Senior/PWD/ONA P264,,
CT CHEST W/ CONTRAST,"6,930.00",CT SCAN,CHEST W/ CONTRAST CT SCAN Disc P50 PLUS Senior/PWD/ONA P256,,
CT CONTRAST MEDIUM,"1,200.00",CT SCAN,CT CONTRAST MEDIUM PER BOT. 50ML,,
CT CRANIAL PLAIN (SENIOR),"3,960.00",CT SCAN,CT CRANIAL PLAIN (SENIOR),,
CT CRANIAL PLAIN: CVA/HPN,"3,960.00",CT SCAN,CT CVA/HPN/( PLAIN ) CT SCAN DISC. P50 ; PLUS SENIOR/PWD/ONA P 209,,
CT CRANIAL PLAIN: TRAUMA,"4,460.00",CT SCAN,CT CRANIAL PL TRAUMA/ VEHICULAR ACCIDENT ( WITH BONE WINDOW)  DISC. P50 ; PLUS SENIOR/PWD/ONA P 209,,
CT CRANIAL W/ FACIAL CUBE,"5,236.80",CT SCAN,CT SCAN DISC.  200 PLUS SENIOR/ PWD/ONA 320,,
CT CRANIAL W/CONTRAST,"6,831.00",CT SCAN,CRANIAL W/CONTRAST CT SCAN DISC. P 100 PLUS SENIOR/PWD/ONA P 211.20,,
CT LOWER ABD. W/ CONTRAST,"7,128.00",CT SCAN,CT LOWER ABD. W/ CONTRAST CT SCAN DISC. P50 SENIOR/PWD/ONA P325,,
CT LOWER ABDOMEN PLAIN,"4,455.00",CT SCAN,CT LOWER ABDOMEN PLAIN CT DISC. P50 PLUS SENIOR/PWD/ONA P268,,
CT LUMBOSACRAL SPINE PLAIN,"5,346.00",CT SCAN,CT LUMBOSACRAL SPINE PLAIN CT SCAN DISC. P50; SENIOR/PWD/ONA P290,,
CT LUMBOSACRAL SPINE W/CONTRAST,"8,553.60",CT SCAN,CT LUMBOSACRAL SPINE W/ CONTRAST CT SCAN DISC. P100; SENIOR/PWD/ONA P330,,
CT MANDIBLE,"4,420.00",CT SCAN,CT MANDIBLE PLAIN DISC. 50 PLUS SENIOR/ ONA/ PWD DISC. 340,,
CT Mastoid or Temporal w/ CON,"8,179.20",CT SCAN,CT SCAN Mastoid or Temporal w/ contrast,,
CT NASOPHARYNX CT SCAN PLAIN,"5,544.00",CT SCAN,NASOPHARYNX CT SCAN PLAIN CT SCAN DISC. P100 PLUS SENIOR/PWD/ONA P304,,
CT Nasopharynx Plain,"6,652.80",CT SCAN,CT Nasopharynx / Oral Cavity PLAIN,,
CT NASOPHARYNX W/ CONTRAST,"6,930.00",CT SCAN,NASOPHARYNX  W/ CONTRAST CT SCAN DISC. 50 PLUS SENIOR/PWD/ONA P320,,
CT NECK/CERVICAL PLAIN,"5,346.00",CT SCAN,CT NECK/CERVICAL PLAIN ALLOWABLE DISC. 50 + ONA/PWD /SENIOR 310,,
CT NECK/CERVICAL WITH CONTRAST,"8,196.00",CT SCAN,CT NECK/CERVICAL WITH CONTRAST ALLOWABLE DISC.100 + ONA/PWD/SENIOR 320,,
CT PARANASAL SINUSES,"6,832.80",CT SCAN,PARANASAL SINUSES (PNS) PLAIN A.DISC. P 50 PLUS SENIOR/PWD/ONA P 350,,
CT PNS W/CONTRAST(INTELLICARE),"13,582.80",CT SCAN,CT PNS W/CONTRAST(INTELLICARE),,
CT SCAN ABDOMEN UPPER PLAIN,"4,653.00",CT SCAN,CT SCAN ABDOMEN UPPER PLAIN CT SCAN DISC. P 50; SENIOR/PWD/ONA P 268,,
CT SCAN TEMPORAL BONE,"5,084.40",CT SCAN,CT SCAN TEMPORAL BONE DISC.P50:PLUS SENIOR /PWD/ONA 310,,
CT SCAN TEMPORAL BONE W/CONTRST,"8,902.80",CT SCAN,CT SCAN TEMPORAL BONE W/ CONTRAST DISC.P100:PLUS SENIOR /PWD/ONA 420,,
CT STONOGRAM,"6,534.00",CT SCAN,CT STONOGRAM CT SCAN DISC. P100; PLUS SENIOR/PWD/ONA P 330,,
CT STONOGRAM WITH CONTRAST,"8,469.98",CT SCAN,CT STONOGRAM W/ CONTRAST CT SCAN DISC. P100; PLUS SENIOR/PWD/ONA P 330,,
CT UPPER ABDOMEN W/ CONTRAST,"9,504.00",CT SCAN,CT UPPER ABDOMEN W/ CONTRAST CT SCAN DISC. P200 ; SENIOR/PWD/ONA P387.20,,
CT UPPER PLAIN,"4,653.00",CT SCAN,CT SCAN DISC. 50 PLUS SENIOR/ PWD/ ONA 268,,
CT WHOLE ABDOMEN PLAIN,"7,920.00",CT SCAN,WHOLE ABDOMEN PLAIN CT SCAN DISC. P100 PLUS SENIOR/PWD/ONA P 328,,
CT WHOLE ABDOMEN WITH CONTRAST,"9,900.00",CT SCAN,WHOLE ABDOMEN WITH CONTRAST CT SCAN DISC. P100: PLUS SENIOR/PWD/ONA P 428,,
Nasopharynx w/ contrast,"8,910.00",CT SCAN,CT Nasopharynx / Oral Cavity w/ contrast,,
Nasopharynx w/ contrast w/ Neck,"9,504.00",CT SCAN,Nasopharynx / Oral Cavity w/ contrast to INCLUDE NECK,,
Proximal / Distal Extremities,"4,930.80",CT SCAN,Plain (allowable disc. P50.00 Senior/PWD/ONA/ P290.00),,
RE-PRINTING OF RESULT (PER FILM,500,CT SCAN,RE-PRINTING OF RESULT ( PER FILM),,
TEMPORAL BONE (PLAIN),0,CT SCAN,TEMPORAL BONE (PLAIN),,
ADDITIONAL X-RAY FILM,100,IMAGING,14x14,,
BASIC HEALTH CHECKUP IMAGING,"2,700.00",IMAGING,"CHEST PA 14x14, ECG, WAB UTZ",,
CHEST PA 14X14 PRIME HEALTH,800,IMAGING,CHEST PA 14X14 PRIME HEALTH,,
CHEST ULTRASOUND WITH MAPPING,"1,800.00",IMAGING,CHEST ULTRASOUND WITH MAPPING,,
DOG XRAY,250,IMAGING,DOG XRAY,,
ECG,300,IMAGING,12 LEADS,,
GENERAL&PRIMEHEALTHCAREIMAGING,"2,700.00",IMAGING,"CHEST PA 14x14, ECG, WAB UTZ",,
PELVIC OB TWINS UTZ,990,IMAGING,PELVIC OB TWINS UTZ,,
PRIMEHEALTHCAREIMAGING(FEMALE),"4,900.00",IMAGING,"CHEST PA 14x14, BREAST UTZ, MAMMOGRAM, WAB UTZ",,
ROUTINE CHECK UP IMAGING,600,IMAGING,"CHEST PA 14x14, ECG",,
SPOT FILM 10X12,180,IMAGING,SPOT FILM 10X12,,
Vet Xray,250,IMAGING,"Vet includes Cat, Bird, other animal using 1 Film & 1 shot only",,
XRAY READING,75,IMAGING,CHEST PA,,
ACECLOFENAC,38.78,PHARMACY,ACECLOFENAC CLANZA,,
ACTIVCON VIT & MIN W/ GINSENG,14,PHARMACY,ACTIVCON VIT & MIN W/ GINSENG,,
AGELOC R2,"8,900.00",PHARMACY,AGELOC R2,,
AGELOC Y-SPAN,"9,800.00",PHARMACY,AGELOC Y-SPAN,,
ALCOHOL,760,PHARMACY,ALCOHOL,,
ALLOPURINOL 300,2.5,PHARMACY,ALLOPURINOL 300,,
AMBROXOL (SAPHROXOL-T30),3,PHARMACY,AMBROXOL (SAPHROXOL-T30),,
AMBROXOL 30 MG/TAB. (GENERIC),3,PHARMACY,AMBROXOL 30 MG/TAB. (GENERIC),,
AMBROXOL PHLEMASOL 30MG BRANDED,5.25,PHARMACY,AMBROXOL PHLEMASOL 30MG BRANDED,,
AMLODIPINE  BESILATE(PHILVASC),8,PHARMACY,AMLODIPINE  BESILATE(PHILVASC) 10MG,,
AMLODIPINE 5MG(DIADIPINE)NEW,2.75,PHARMACY,AMLODIPINE 5MG(DIADIPINE)NEW,,
AMLODIPINE BESILATE(EODIPINE),8,PHARMACY,AMLODIPINE BESILATE(EODIPINE)10MG,,
AMLODIPINE BEZAM 10MG BRANDED,10,PHARMACY,AMLODIPINE BEZAM 10MG BRANDED,,
AMLODIPINE BEZAM 5MG BRANDED,11.75,PHARMACY,AMLODIPINE BEZAM 5MG BRANDED,,
AMLODIPINE DIADIPINE 10MG,5,PHARMACY,AMLODIPINE DIADIPINE 10MG,,
AMLODIPINE DIADIPINE 5MG,2.75,PHARMACY,AMLODIPINE DIADIPINE 5MG,,
AP24 TOOTHPASTE,300,PHARMACY,AP24 TOOTHPASTE,,
Ascorbic acid(VONWELT),2.5,PHARMACY,Ascorbic acid(VONWELT),,
ASCORBIC VITCEE 500MG (GENERIC),1.25,PHARMACY,ASCORBIC ACID 500MG/TAB.,,
ASEPTO,56,PHARMACY,ASEPTO,,
ATORVASTATIN ATORBIZ 40MG,45,PHARMACY,ATORVASTATIN ATORBIZ 40MG,,
ATORVASTATIN CALCIUM LIPIVENT,27,PHARMACY,ATORVASTATIN CALCIUM LIPIVENT 20MG,,
ATORVASTATIN LIPIRIC 20MG TAB,45,PHARMACY,ATORVASTATIN LIPIRIC 20MG TAB,,
ATORVASTATIN(CALCIUM ATORMAX),18,PHARMACY,"ATORVASTATIN(CALCIUM ATORMAX) 20MG
NOTE: 100 PCS FULL OUT, RETURNED TO SUPPLIER DUE TO NOT MOVING,REPLACE TO CO- AMOX 625 MG(2/18/15)",,
AZITHROMYCIN OD MAC 500MG,125,PHARMACY,AZITHROMYCIN OD MAC 500MG,,
AZITHROMYCIN ORTIZA 500,115,PHARMACY,,,
AZITHROMYCIN SITIMAX 500MG I.V,105,PHARMACY,AZITHROMYCIN SITIMAX 500MG I.V,,
AZITHROMYCIN(AZO-500),115,PHARMACY,AZITHROMYCIN(AZO-500)500MG,,
AZITHROMYCIN(ZYHEX),115,PHARMACY,AZITHROMYCIN(ZYHEX)500MG,,
BACLOFEN BACLO-10 10MG,25,PHARMACY,BACLOFEN BACLO-10 10MG,,
BACLOFEN(LIOSAL),37,PHARMACY,BACLOFEN(LIOSAL),,
BD Insyte-W 22GA,175,PHARMACY,,,
BETAHISTINE DISSEX 16MG TAB.,14.5,PHARMACY,,,
BETAHISTINE VERTIKIND 8,14.5,PHARMACY,BETAHISTINE VERTIKIND 8,,
BIO-FLON I.V. CANNULA,0,PHARMACY,BIO-FLON I.V. CANNULA,,
BIO-LEAD-LOCK,600,PHARMACY,BIO-LEAD-LOCK (REF L-LFO-510),,
BLUE CROSS HAV TEST DEV KITS,0,PHARMACY,BLUE CROSS HAV TEST DEV KITS,,
BLUE CROSS HBsAG TEST KITS,0,PHARMACY,BLUE CROSS HBsAG TEST KITS,,
BLUE SCREEN DRUG SCREEN TESTKIT,0,PHARMACY,BLUE SCREEN DRUG SCREEN TESTKIT,,
BLUE SCREEN SYPHILIS STRIPS,0,PHARMACY,BLUE SCREEN SYPHILIS STRIPS,,
BODY WASH & BODY SCRUB LAVANDER,120,PHARMACY,BODY WASH& BODY SCRUB LAVANDER,,
BODY WASH COCONUT LIME 150ML,120,PHARMACY,BODY WASH COCONUT LIME 150ML,,
BODY WASH/BODY SCRUB LAVANDER,88,PHARMACY,BODY WASH/BODY SCRUB LAVANDER,,
BP APARATUS BLUE CROSS,"1,500.00",PHARMACY,BP APARATUS (ANEROID SPHYGMOMANOMETER) BLUE CROSS,,
C24/7,40,PHARMACY,C24/7 NATURA-CEUTICALS,,
CALCITECT TAB.,8,PHARMACY,CALCITECT TAB. ( EXPIRY FULL OUT) 1/13/2015,,
CALCIUM CARBONATE  (OSTEOVIT),10,PHARMACY,CALCIUM CARBONATE + VIT. D3 (OSTEOVIT),,
CALCIUM CARBONATE (OSCIVIT),0,PHARMACY,"1250MG/250 IU TABLET MINERAL & VITAMIN
FOOD SUPPLEMENT",,
CARBOCISTEINE(FLEMMALIZ)500MG,10.2,PHARMACY,CARBOCISTEINE(FLEMMALIZ)500MG,,
CARNIVAL SCENTS(VANILLA&BUBBLE),120,PHARMACY,CARNIVAL SCENTS (VANILLA  SUNDAE & BUBBLE GUM) 50ML,,
CARNIVAL SCENTS(VANILLA/BUBBLE),88,PHARMACY,CARNIVAL SCENTS(VANILLA/BUBBLE),,
CEFALEXIN (EDEXAN) 500MG/CAP.,21,PHARMACY,"CEFALEXIN (EDEXAN) 500MG/CAP.
NOTE: FULL OUT RETURNED TO SUPPLIER DUE TO NOT MOVING,REPLACE TO CO- AMOX 625 MG ( 2/18/15)",,
CEFALEXIN 500MG(EXCEL),5.25,PHARMACY,CEFALEXIN 500MG/CAP.,,
CEFIXIME SUFICE-200 200MG,72,PHARMACY,CEFIXIME SUFICE-200 200MG,,
CEFTRIAXONE (CEFTIBET) 1G INJEC,"1,200.00",PHARMACY,,,
CEFTRIAXONE SODIUM(CEFTIBET),0,PHARMACY,CEFTRIAXONE SODIUM(CEFTIBET),,
CEFUROXIME AXETIL SUNCETIN 500,0,PHARMACY,CEFUROXIME AXETIL SUNCETIN 500MG,,
CEFUROXIME(CEFUSAPH)500MG,26,PHARMACY,CEFUROXIME(CEFUSAPH)500MG,,
CEFWIN-500,45,PHARMACY,CEFUROXIME 500MG/CAP.,,
CELECOXIB (CELEFLAM 200MG),22,PHARMACY,CELECOXIB (CELEFLAM 200MG),,
CELECOXIB (CELIX 200),22,PHARMACY,CELECOXIB (CELIX 200),,
CELECOXIB 200MG (GENERIC),18,PHARMACY,CELECOXIB 200MG (GENERIC),,
CELECOXIB SAPHLECOX 200MG,22,PHARMACY,CELECOXIB SAPHLECOX 200MG,,
CELECOXIB SELECT(SAPHLECOX) NEW,22,PHARMACY,CELECOXIB SELECT(SAPHLECOX) NEW,,
CELECOXIB(SELECAP 400),39,PHARMACY,CELECOXIB(SELECAP 400),,
CELOCOXIB COXIBIZ 200MG,0,PHARMACY,CELOCOXIB COXIBIZ 200MG,,
CETIRIZINE(DIALEX),2,PHARMACY,CETIRIZINE(DIALEX),,
CHOCO VIT SYRUP 120ML,185,PHARMACY,CHOCO VIT SYRUP 120ML VIT. AND MINERALS WITH ZINC,,
CINNARIZINE 25MG (FLARIZINE),14.5,PHARMACY,CINNARIZINE 25MG (FLARIZINE),,
CINNARIZINE 25MG/TAB.,14.5,PHARMACY,CINNARIZINE 25MG/TAB,,
CINNARIZINE(ZINREX),14.5,PHARMACY,CINNARIZINE(ZINREX) ANTI -VERTIGO 25MG,,
CIPROFLOXACIN 500MG (MYREX),6,PHARMACY,CIPROFLOXACIN 500MG (MYREX),,
CIPROFLOXACIN 500MG(XIPRO),45,PHARMACY,CIPROFLOXACIN 500MG,,
CIPROFLOXACIN BUCIPRO 500MG,0,PHARMACY,CIPROFLOXACIN BUCIPRO 500MG,,
CIPROFLOXACIN CIPRODIN FC 500MG,0,PHARMACY,CIPROFLOXACIN CIPRODIN FC 500MG,,
CIPROFLOXACIN CIPROMET 500MG,45.5,PHARMACY,CIPROFLOXACIN CIPROMET 500MG,,
CIPROFLOXACIN CIPROSAN,6,PHARMACY,"CIPROFLOXACIN CIPROSAN
500MG",,
CIPROFLOXACIN(CIPROSAN)500MG,6,PHARMACY,CIPROFLOXACIN(CIPROSAN)500MG,,
CIPROFLOXACIN(FLOSICRON)500MG,6,PHARMACY,CIPROFLOXACIN(FLOSICRON)500MG,,
CITICOLINE COLIBIZ 500MG,50,PHARMACY,SITICOLINE COLIBIZ 500MG,,
CLAVENTIN SUSPENSION CO-AMOXI,220,PHARMACY,CO AMOXICLAV CLAVENTIN SUSPENSION  60ML,,
CLINDAMYCIN 300MG KYLEZINE,6,PHARMACY,CLINDAMYCIN 300MG KYLEZINE,,
CLINDAMYCIN 300MG/CAP.,6,PHARMACY,CLINDAMYCIN 300MG/CAP.,,
CLONIDINE(ALPHAPRES),14.25,PHARMACY,CLONIDINE(ALPHAPRES),,
CLOPIDOGREL CLOPIMET 75MG,38.5,PHARMACY,CLOPIDOGREL CLOPIMET 75MG,,
CLOPIDOGREL CLOPIRIC 75MG,23,PHARMACY,CLOPIDOGREL CLOPIRIC 75MG,,
CLOPIDOGREL TIMIFLO BRANDED,24,PHARMACY,CLOPIDOGREL TIMIFLO 75MG.BRANDED,,
CO AMMOXICLAV(RAPICLAV),22,PHARMACY,CO AMMOXICLAV(RAPICLAV),,
CO- AMOX (GENERIC)RAPICLAV,20,PHARMACY,CO- AMOX (GENERIC) 625 MG RAPICLAV,,
CO AMOXICLAV (RAFONEX)625,20,PHARMACY,CO AMOXICLAV (RAFONEX)625,,
CO AMOXICLAV(CLAVMENTIN),20,PHARMACY,CO AMOXICLAV(CLAVMENTIN)625 MG,,
CO AMOXICLAV(COMXICLA),22,PHARMACY,"CO AMOXICLAV(COMXICLA)
625MG",,
CO-AMOXICLAV (DUOCLAV) 500MG/12,45,PHARMACY,"CO-AMOXICLAV (DUOCLAV) 500MG/125MG
NOTE: REPLACEMENT OF SIMVASTATIN 224 PCS, CEFALEXIN 100PCS AND ATORVASTATIN 100 PCS.(2/18/15)",,
CO-AMOXICLAV CLAVISTAN 500MG,0,PHARMACY,CO-AMOXICLAV CLAVISTAN 500MG,,
CONTRAST IOHEXOL IOBRIX 300,0,PHARMACY,CONTRAST IOHEXOL IOBRIX 300,,
CONTRAST IOPAMIDOL SCANLUX,0,PHARMACY,CONTRAST IOPAMIDOL SCANLUX,,
COTTON 400 GRAMS,240,PHARMACY,COTTON 400 GRAMS,,
COXIBIZ 200MG,45,PHARMACY,CELECOXIB,,
DHA (NATURALIE),11.5,PHARMACY,SUPPLIMENTS,,
DIGITAL THERMOMETER,270,PHARMACY,OMRON DIGITAL THERMOMETER,,
DIPHENHYDRAMINE HISTAZYN 50MG,2,PHARMACY,DIPHENHYDRAMINE HISTAZYN 50MG,,
DOMPERIDONE(GASTROKINETIC),4.5,PHARMACY,DOMPERIDONE(GASTROKINETIC) 100MG,,
DOXYCYCLINE 100MG/CAP.,6,PHARMACY,DOXYCYCLINE 100MG/CAP.,,
DOXYCYCLINE(DOXIMAX)100MG,6,PHARMACY,DOXYCYCLINE(DOXIMAX)100MG,,
EDTA TUBE 0.5ML (TRULAB),0,PHARMACY,EDTA TUBE 0.5ML (TRULAB),,
EDTA TUBE 2ML (BRANDEN),0,PHARMACY,EDTA TUBE 2ML (BRANDEN),,
EDTA TUBE 2ML (PANACEA),0,PHARMACY,EDTA TUBE 2ML (PANACEA),,
EDTA TUBE 2ML (WINICE),0,PHARMACY,EDTA TUBE 2ML (BRANDEN),,
EDTA TUBE 2ML PLAIN (BRANDEN),0,PHARMACY,EDTA TUBE 2ML PLAIN (BRANDEN),,
EDTA TUBE BLUE TOP 1.8ML,0,PHARMACY,EDTA TUBE BLUE TOP 1.8ML,,
ELBOW SUPPORT,148.5,PHARMACY,ELBOW SUPPORT 705,,
En Plus GOLD,750,PHARMACY,,,
ESOMEPRAZOLE ESOPRIM 40MG,45,PHARMACY,ESOMEPRAZOLE ESOPRIM 40MG,,
ESOMEPRAZOLE PPI MAX 40MG,45,PHARMACY,ESOMEPRAZOLE PPI MAX 40MG,,
ETORICOXIB TORICO 90MG,56,PHARMACY,ETORICOXIB TORICO 90MG,,
FEMININE WASH,500,PHARMACY,FEMININE WASH,,
FESO4 + FOLIC ACID (AMECIRON),10.25,PHARMACY,FESO4 + FOLIC (AMECIRON),,
FESO4 FUMARATE(FORAMEFER),12,PHARMACY,FERROUS SULFATE+VIT. B-COMPLEX+FOLIC ACID,,
FESO4(FORALIVIT),12,PHARMACY,FESO4(FORALIVIT) FERROUS+FOLIC+VIT.B COMPLEX,,
FESO4+FOLIC ACID+VIT.B COMPLEX,12,PHARMACY,FESO4+FOLIC ACID+VIT.B COMPLEX(FORALIVIT),,
FOAMING HAND SANITIZER GREENTEA,120,PHARMACY,FOAMING HAND SANITIZER GREENTEA,,
FOAMING HAND SANITIZER SWEETPEA,120,PHARMACY,FOAMING HAND SANITIZER SWEETPEA,,
FOLLEY CATHETER 14,40,PHARMACY,FOLLEY CATHETER 14,,
FOLLEY CATHETER 16,40,PHARMACY,FOLLEY CATHETER 16,,
FRESH BLOOM ROMANTIC WISH&LOVE,120,PHARMACY,FRESH BLOOM ROMANTIC WISH & LOVE POTION,,
GABAPENTIN GAB-300 300MG,35,PHARMACY,GABAPENTIN GAB-300 300MG,,
GALVANIC SPA,"21,500.00",PHARMACY,GALVANIC SPA,,
GLAM WORKS BODY MIST STRAWBERRY,80,PHARMACY,GLAM WORKS BODY MIST STRAWBERRY,,
GLAM WORKS GREEN TEA,50,PHARMACY,GLAM WORKS GREEN TEA,,
GLAM WORKS HAND&BODY LOTION,80,PHARMACY,GLAM WORKS HAND&BODY LOTION STRAWBERRY,,
GLAM WORKS STAR GAZER,50,PHARMACY,GLAM WORKS STAR GAZER,,
GLAMWORKS STRAWBERRY H&B LOTION,0,PHARMACY,GLAMWORKS STRAWBERRY H&B LOTION 100ML,,
GLICLAZIDE GLUCONIL 80MG,7.25,PHARMACY,GLICLAZIDE GLUCONIL 80MG,,
GLITAZ 30MG,25,PHARMACY,PIOGLITAZONE,,
GLOVES,260,PHARMACY,GLOVES,,
HYOSCINE,10,PHARMACY,HYOSCINE,,
IBUPROFEN PARACETML (PASTRONG),10,PHARMACY,IBUPROFEN PARACETAMOL (PASTRONg-SF) 200mg/325 mg,,
IGG BOOST 120 CAPS,"4,600.00",PHARMACY,IGG BOOST 120 CAPS,,
IMOJEV VACCINE,"3,200.00",PHARMACY,"JAPANESE ENCEPHALITIS VACCINE (live, Attenuated)",,
INSIGHT URINALYSIS REAGENT STRP,0,PHARMACY,INSIGHT URINALYSIS REAGENT STRIP,,
INSYTE,"4,800.00",PHARMACY,INSYTE,,
IRBESARTAN (IRVEX) 150MG,20,PHARMACY,"IRBESARTAN (IRVEX) 150MG
NOTE:
FULL OUT - 2/16/2015
EXPIRED- 9/2014",,
JULONG ELBOW SUPPORT,0,PHARMACY,JULONG ELBOW SUPPORT,,
JULONG FITNESS SUPPORT GLOVES,0,PHARMACY,JULONG FITNESS SUPPORT GLOVES,,
JULONG PALM SUPPORT,103.95,PHARMACY,JULONG PALM SUPPORT 826,,
JUNGA MALS CHEWABLE,"2,300.00",PHARMACY,JUNGA MALLS CHEWABLE,,
KETOROLAC TROMETAMOL (KETERO),0,PHARMACY,KETOROLAC TROMETAMOL (KETERO)30MG/ML AMPOULE,,
KNEE SUPPORT,163.35,PHARMACY,JULONG- 738,,
KNEE SUPPORT 2,133.65,PHARMACY,JULONG-828,,
LAGUNDI TAB.(NEGACOF)600MG,6,PHARMACY,LAGUNDI TAB.(NEGACOF)600MG,,
LIPIRIC-20,35,PHARMACY,ATORVASTATIN  20MG,,
LIPWAY SR,39.5,PHARMACY,FENOFIBRATE,,
LIVER GOLD-F,15,PHARMACY,SUPPLIMENTS,,
LIVERCAP(250MG),10,PHARMACY,LIVERCAP(SILYMARIN + VIT.B COMPLEX),,
LORADITINE,0,PHARMACY,LORATIDINE,,
LOSARTAN (NATRAZOL )50MG/TAB,8.75,PHARMACY,LOSARTAN (NATRAZOL )50MG/TAB,,
LOSARTAN 50MG NATRAZOL(NEW),8.75,PHARMACY,LOSARTAN 50MG NATRAZOL(NEW),,
LOSARTAN BESARTAN 50MG. BRANDED,12,PHARMACY,LOSARTAN BESARTAN 50MG. BRANDED,,
LOSARTAN K (NATRAZOL) 100MG/TAB,15,PHARMACY,LOSARTAN K (NATRAZOL) 100MG/TAB,,
LOSARTAN POTASSIUM 100MG,15,PHARMACY,LOSARTAN POTASSIUM 100MG(LOZAK),,
LOSARTAN POTASSIUM LOZAK 50MG,8.75,PHARMACY,LOSARTAN POTASSIUM LOZAK 50MG,,
LOSARTAN POTASSIUM(LOSAWIN-50),8.75,PHARMACY,LOSARTAN POTASSIUM(LOSAWIN-50)50MG,,
LOSARTAN ZEFTAN PLUS 25MG,0,PHARMACY,LOSARTAN ZEFTAN PLUS 25MG,,
LOSARTAN(LOBIP)50MG TAB.,8.75,PHARMACY,LOSARTAN(LOBIP)50MG TAB.,,
MACROSET,250,PHARMACY,MACROSET,,
MASK,12,PHARMACY,MASK,,
MAXITRON TABLET VIT & MIN,25,PHARMACY,MAXITRON TABLET VIT & MIN,,
MEFENAMIC ACID ANALMIN 500MG,3,PHARMACY,MEFENAMIC ACID ANALMIN 500MG,,
MEFENAMIC ACID MEGYXAN 500MG,3,PHARMACY,MEFENAMIC ACID MEGYXAN 500MG,,
MEFENAMIC ACID MYREFEN 500MG,0,PHARMACY,MEFENAMIC ACID MYREFEN 500MG,,
METABO TRIM 60,"2,200.00",PHARMACY,METABO TRIM 60,,
METFORMIN (FORMET) 500MG,1.25,PHARMACY,METFORMIN (FORMET) 500MG,,
METFORMIN (SAPHORMIN T500),2,PHARMACY,METFORMIN (SAPHORMIN T500),,
METFORMIN ADIAC,2,PHARMACY,METFORMIN ADIAC 500MG,,
METFORMIN NEOMET 500MG BRANDED,13.25,PHARMACY,METFORMIN NEOMET 500MG BRANDED,,
METFORMIN(ADIAC)500MG,1.25,PHARMACY,METFORMIN(ADIAC)500MG,,
METOCLOPRAMIDE HCL,160,PHARMACY,"METOCLOPRAMIDE HCL 
METSIL 
5MG/ML910MG/2ML)SOL. FOR INJECTION",,
METRONIDAZOLE 500MG/250MG 100ML,0,PHARMACY,METRONIDAZOLE 500MG/250MG 100ML VIAL,,
MICROPORE TAPE 1/2 X 1,18.75,PHARMACY,3M Micropore Tape 1/2 x 1,,
MONTELUKAST SODIUM L-ZINEX DUO,29.45,PHARMACY,,,
MULTIVITAMINS VITAGIN CAP.,15,PHARMACY,"MULTIVIT+MIN+KOREAN GINSENG+ROYAL JELLY
VITAGIN",,
MULTIVITAMIS BEETAB BRANDED,9,PHARMACY,MULTIVITAMIS BEETAB BRANDED,,
MYREVIT  VIT. B COMPLEX,1.5,PHARMACY,Myrevit VIT. B COMPLEX B1 + B6 + B12,,
NAPROXEN SAPROXEN 500MG,6,PHARMACY,NAPROXEN SAPROXEN 500MG,,
NATURELLE DHA SOFTGEL CAP,0,PHARMACY,NATURELLE DHA SOFTGEL CAP,,
NATURES SPRING MINERAL WTR 350,15,PHARMACY,NATURE SPRING MINERAL WATER 350 ML,,
NEBULIZER (ELITE),"1,500.00",PHARMACY,NEBUIZER (ELITE),,
NEBULIZER SMART NEB./BLUE CROSS,"3,500.00",PHARMACY,NEBULIZER SMART NEB./BLUE CROSS,,
NEUROTECT CAP.,23,PHARMACY,SUPPLIMENTS,,
NUTROTAL CAPLET,24,PHARMACY,SUPPLIMENT,,
NYSTATIN(NYSTAZAN)SUSPENSION,83,PHARMACY,NYSTATIN(NYSTAZAN) ORAL SUSPENSION ANTIFUNGAL,,
OMEPRAZOLE (OMEPLUS) 40MG CAP,9,PHARMACY,OMEPRAZOLE (OMEPLUS) 40MG CAP,,
OMEPRAZOLE 40MG(HYCID-40),9,PHARMACY,OMEPRAZOLE 40MG(HYCID-40),,
OMEPRAZOLE HYCID 40MG. NEW,9,PHARMACY,OMEPRAZOLE HYCID 40MG. NEW,,
OMEPRAZOLE OPRAZ 20MG BRANDED,35,PHARMACY,OMEPRAZOLE OPRAZ 20MG BRANDED,,
OMEPRAZOLE(XOPRAZOLE PLUS)40MG,9,PHARMACY,OMEPRAZOLE(XOPRAZOLE PLUS)40MG,,
ORANGE MEDIC 100GTTB 240ML,0,PHARMACY,ORANGE MEDIC 75GTTB 240ML,,
ORANGE MEDIC 75GTTB 240ML,0,PHARMACY,ORANGE MEDIC 75GTTB 240ML,,
ORMED HYGIENIC PROTECTION COVER,750,PHARMACY,ORMED HYGIENIC PROTECTION COVER (FOR ULTRASOUND PROBES NON STERILE) BOX,,
PANTACHEK 40MG,30,PHARMACY,PANTOPRAZOLE,,
PAPER CUP,5,PHARMACY,PAPER CUP FOR WATER,,
PARA+ IBU 400MG/325MG,3,PHARMACY,PARA+ IBU 400MG/325MG,,
PARA+PHENYL+CHLORPEN 325/25MG/2,2.5,PHARMACY,PARA+PHENYL+CHLORPEN 325/25MG/2MG,,
PARACETAMOL 500MG/CAP,1,PHARMACY,PARACETAMOL 500MG/CAP,,
PARACETAMOL IBUPROFEN(DIATAFEN),2.5,PHARMACY,PARACETAMOL IBUPROFEN(DIATAFEN) 500MG,,
PARACETAMOL(DIAZEP)325MG,2.5,PHARMACY,PARACETAMOL(DIAZEP)325MG/DECONGESTANT,,
PIOGLITAZONE (GLITAZ) 30MG,0,PHARMACY,PIOGLITAZONE (GLITAZ) 30MG,,
PREGNANCY TEST HEALCON HCG,850,PHARMACY,PREGNANCY TEST HEALCON HCG,,
PREGNANCY TEST KIT REJOICE,0,PHARMACY,PREGNANCY TEST KIT REJOICE,,
PRO BIO PCC 30 CAP.,"2,600.00",PHARMACY,PROBIO PCC 3O CAP.,,
PROSTECT CAP.,0,PHARMACY,"SUPPLIMENTS 
FULL OUT- 2/16/2015
EXPIRED -  2/2015",,
RANIDITINE 150MG/TAB.,3,PHARMACY,RANIDITINE 150MG/TAB.,,
ROSUVASTATIN CALCIUM ROSUVAZ,25,PHARMACY,ROSUVASTATIN CALCIUM ROSUVAZ,,
SAIZEN-FOOT LOTION & FOOT SCRUB,140,PHARMACY,SAIZEN-FOOT LOTION & FOOT SCRUB PEPPERMINT,,
SALBU+GUAI 2MG/100MG,4,PHARMACY,SALBU+GUAI 2MG/100MG,,
salbutamol   CETIRIZINE(DIALEX),2,PHARMACY,CETIRIZINE(DIALEX)10MG,,
SALBUTAMOL (HIVENT) 1MG/ML NEB,28,PHARMACY,SALBUTAMOL (HIVENT) 1MG/ML NEBULE,,
SALBUTAMOL NEBULE AURA PLUS,28,PHARMACY,SALBUTAMOL NEBULE AURA PLUS,,
SALBUTAMOL NEBULE RESPOSAL-I,28,PHARMACY,SALBUTAMOL NEBULE RESPOSAL-I,,
SALBUTAMOL SO4+IPRATROPIUMBR,28,PHARMACY,SALBUTAMOL SO4+IPRATROPIUMBR (SALRESP) NEB35'S,,
SALBUTAMOL SULFATE (VENTREX),2,PHARMACY,SALBUTAMOL SULFATE (VENTREX),,
SALBUTAMOL VENTOMAX TAB 2MG,2,PHARMACY,SALBUTAMOL VENTOMAX TAB 2MG,,
SALBUTAMOL(ALBULEM) 2MG,2,PHARMACY,SALBUTAMOL(ALBULEM) 2MG,,
SENDRI OIL,190,PHARMACY,SENDRI OIL,,
SHOWER GEL & HAND&BODY  LOTION,120,PHARMACY,SHOWER GEL & HAND&BODY  LOTION FRESH BAMBOO&COUNTRY GARDEN,,
SHOWER GEL/HAND&BODY LOTION,88,PHARMACY,SHOWER GEL/HAND&BODY LOTION (FRESH BAMBOO/COUNTRY GARDEN),,
SILDENAFIL CITRATE VIGORIC-100,95,PHARMACY,SILDENAFIL CITRATE VIGORIC-100 100MG,,
SIMVASTATIN,10,PHARMACY,"SIMVASTATIN (LESOPID) 20MG
NOTE: FULL OUT,RETURNED TO SUPPLIER DUE TO EXPIRY ON JULY 2015, REPLACE TO CO- AMOX 625 MG. (2/18/15)",,
SM BONUS DIST 500ML,15,PHARMACY,WATER SM BONUS DISTILLED 500ML,,
SM BONUS DISTILLED WATER FOR DR,0,PHARMACY,SM BONUS DISTILLED WATER 500ML FOR DOCTORS,,
SONY TYPE 1 UPP-110S,400,PHARMACY,SONY TYPE 1 UPP-110S,,
SPHYGMOMANOMETER ANERIOD MTI60A,0,PHARMACY,SPHYGMOMANOMETER ANERIOD MTI60A,,
STERILE CONTAINER(CUP),25,PHARMACY,AFB/URINE CUP,,
SYMDEX D FORTE,10,PHARMACY,"PARACETAMOL PHENYLPROPANOLAMINE HYDROCHLORIDE CHLORPHENAMINE MALEATE
SYMDEX D FORTE 500MG/25MG/2MG TAB.",,
SYRINGE 5CC,8,PHARMACY,SYRINGE 5CC,,
SYRINGE BUTTERFLY,25,PHARMACY,SYRINGE BUTTERFLY,,
SYRINGE MDECS 10CC (INDUSTRIAL),0,PHARMACY,SYRINGE MDECS 10CC (INDUSTRIAL),,
SYRINGE MDECS 1CC,0,PHARMACY,SYRINGE MDECS 1CC,,
SYRINGE MDECS 3CC (INDUSTRIAL),0,PHARMACY,SYRINGE MDECS 3CC (INDUSTRIAL),,
SYRINGE MDECS 5CC,0,PHARMACY,SYRINGE MDTECS 5CC,,
SYRINGE TERUMO 10CC,0,PHARMACY,SYRINGE TERUMO 10CC,,
SYRINGE TERUMO 3CC,6.8,PHARMACY,SYRINGE TERUMO 3CC,,
SYRINGE TERUMO 50CC,"1,260.00",PHARMACY,SYRINGE TERUMO 50CC,,
SYRINGE TERUMO 5CC,800,PHARMACY,SYRINGE TERUMO 5CC,,
SYRINGE W/O NEEDLE COSMED DISP,34,PHARMACY,SYRINGE W/O NEEDLE COSMED DISP 50CC,,
TEGREEN 120 CAP.,"5,800.00",PHARMACY,TEGREEN 120 CAP.,,
TEGREEN 30 CAP.,"2,000.00",PHARMACY,TEGREEN 30 CAP.,,
Tetanus Antitoxin (ANTITET)1500,100,PHARMACY,Tetanus Antitoxin (ANTITET)1500 I.U.  AMPOULE,,
TRAMADOL(SAPHTRAM)500MG,26,PHARMACY,TRAMADOL(SAPHTRAM)500MG,,
TROPICAL SCENT CUCUMBER&APPLE,120,PHARMACY,TROPICAL SCENT CUCUMBER MELON & HAWAIIAN APPLE,,
VITAMIN C (ULTRA VIT),1.5,PHARMACY,VITAMIN C (ULTRA VIT),,
SAMPLE,0,SAMPLE,SAMPLE,,
DVD-R COVER,0,SUPPLY,DVD-R COVER,,
DVR-R (BLANK DVD),150,SUPPLY,DVR-R (BLANK DVD),,
ECG PAPER 80MMX20M SIMPLEX,95,SUPPLY,ECG PAPER 80MMX20M SIMPLEX,,
FACEMASK,3,SUPPLY,FACE MASK,,
FBS REAGENT NEW TECH,"3,471.30",SUPPLY,FBS REAGENT NEW TECH,,
MICROBAR CATS 7g/100ml,300,SUPPLY,MICROBAR CATS 7g/100ml,,
PRINTING,5,SUPPLY,"Printing [reprinting of result, error of prints, et al]",,
REPRINT,5,SUPPLY,REPRINT,,
TRUST CONDOMS,18.5,SUPPLY,TRUST CONDOMS,,
XRAY FILM 11X14,22,SUPPLY,XRAY FILM 11X14,,
FEDEX,"1,929.76",TRANSPORT SERVICE,FEDEX,,
2D-ECHO PLAIN,"1,700.00",ULTRASOUND,2D-ECHO PLAIN,,
2D-ECHO PLAIN ADULT,"1,700.00",ULTRASOUND,2D-ECHO PLAIN,,
APPENDIX ULTRASOUND,475,ULTRASOUND,APPENDIX ULTRASOUND,,
AXILLA,800,ULTRASOUND,AXILLA,,
BIOMETRICS (PELVIC PREGNANT),550,ULTRASOUND,FETAL BIOMETRY,,
BIOPHYSICAL SCORING (BPS),660,ULTRASOUND,BIOPHYSICAL SCORING (BPS) ULTRASOUND,,
BREAST (BILATERAL),"1,020.00",ULTRASOUND,BREAST (BILATERAL),,
CAROTID UTZ DOPPLER,"3,400.00",ULTRASOUND,CAROTID UTZ DOPPLER,,
CHEST / THORAX ULTRASOUND,650,ULTRASOUND,CHEST / THORAX ULTRASOUND,,
CONGENITAL ANOMALY (Note:  Doct,"2,500.00",ULTRASOUND,CONGENITAL ANOMALY (Note:  Doctor's Fee P1k),,
CONGENITAL SCREENING (Note:  Do,"2,500.00",ULTRASOUND,CONGENITAL SCREENING (Note:  Doctor's Fee P1k),,
CRANIAL,"1,200.00",ULTRASOUND,CRANIAL ULTRASOUND,,
"FNAB UTZ + DOCTOR FEE 5,000","5,000.00",ULTRASOUND,"FNAB UTZ + DOCTOR FEE 5,000",,
GALL BLADDER,475,ULTRASOUND,GALL BLADDER,,
GUIDED PARACENTESIS UTZ,"1,500.00",ULTRASOUND,UTZ GUIDED PARACENTESIS,,
GUIDED THORACENTESIS UTZ,"1,500.00",ULTRASOUND,UTZ GUIDED THORACENTESIS,,
"HBT (HEPATOBILARY, LIVER, GB",850,ULTRASOUND,"HBT (HEPATOBILARY TREE, LIVER, GALLBLADDER)",,
KIDNEYS / RENAL,600,ULTRASOUND,KIDNEYS / RENAL,,
KUB ULTRASOUND,900,ULTRASOUND,"KUB ULTRASOUND (KIDNEY, URINARY BLADDER)",,
LIVER ULTRASOUND,475,ULTRASOUND,LIVER ULTRASOUND,,
"LOWER ABDOMEN    MALE (KIDNEYS,","1,000.00",ULTRASOUND,"LOWER ABDOMEN    MALE (KIDNEYS,",,
LOWER ABDOMEN ULTRASOUND,"1,000.00",ULTRASOUND,"LOWER ABDOMEN  (KIDNEYS, URINARY BLADDER, PROSTATE/OVARIES/UTERUS)",,
NECK with THYROID GLAND UTZ,"1,000.00",ULTRASOUND,NECK with THYROID GLAND,,
PANCREAS ULTRASOUND,475,ULTRASOUND,PANCREAS ULTRASOUND,,
PAROTID ULTRASOUND,950,ULTRASOUND,PAROTID ULTRASOUND,,
"PELVIC FEMALE (UTERUS, OVARIES)",660,ULTRASOUND,"PELVIC FEMALE (UTERUS, OVARIES)",,
PROSTATE GLAND ULTRASOUND,500,ULTRASOUND,PROSTATE GLAND ULTRASOUND,,
PROSTATE w/ PRE & POSTVOID,700,ULTRASOUND,PROSTATE w/ PRE & POSTVOID,,
SCROTUM / TESTES ULTRASOUND,950,ULTRASOUND,SCROTUM / TESTES ULTRASOUND,,
SHOULDER,950,ULTRASOUND,SHOULDER,,
SINGLE ORGAN,500,ULTRASOUND,SINGLE ORGAN,,
SINGLE ORGAN ULTRASOUND,500,ULTRASOUND,SINGLE ORGAN ULTRASOUND,,
SOFT TISSUE MASS,500,ULTRASOUND,SOFT TISSUE MASS,,
SOFT TISSUE ULTRASOUND,500,ULTRASOUND,SOFT TISSUE ULTRASOUND,,
SPLEEN,475,ULTRASOUND,SPLEEN,,
THYROID GLAND ULTRASOUND,900,ULTRASOUND,THYROID GLAND ULTRASOUND,,
TRANSRECTAL ULTRASOUND,700,ULTRASOUND,TRANSRECTAL ULTRASOUND,,
TRANSVAGINAL ULTRASOUND,750,ULTRASOUND,TRANSVAGINAL (TVS) / ENDOVAGINAL,,
UPPER ABDOMEN & KIDNEY UTZ,"1,600.00",ULTRASOUND,"UPPER ABDOMEN & KIDNEY (LIVER, GALLBLADDER, PANCREAS, SPLEEN & KIDNEY)",,
UPPER ABDOMEN ULTRASOUND,"1,100.00",ULTRASOUND,"UPPER ABDOMEN (LIVER, GB, PANCREAS, SPLEEN)",,
URINARY BLADDER ULTRASOUND,475,ULTRASOUND,URINARY BLADDER ULTRASOUND,,
WHOLE ABDOMEN + TVS,"2,300.00",ULTRASOUND,WHOLE ABDOMEN + TVS,,
WHOLE ABDOMEN ULTRASOUND,"1,600.00",ULTRASOUND,WHOLE ABDOMEN (COMBINATION OF UPPER & LOWER ABDOMEN),,
2D-ECHO with DOPPLER Adult,"2,600.00",ULTRASOUND WITH DOPPLER,2D-ECHO with DOPPLER Adult (18 yrs. Old & above),,
2D-ECHO with DOPPLER Adult (18,"2,600.00",ULTRASOUND WITH DOPPLER,2D-ECHO with DOPPLER Adult (18 yrs. Old & above),,
2D-ECHO with DOPPLER BELOW 18yr,"3,000.00",ULTRASOUND WITH DOPPLER,2D-ECHO with DOPPLER (Pedia) (Below 18 yrs. old),,
2D-ECHO with DOPPLER Pedia,"3,000.00",ULTRASOUND WITH DOPPLER,2D-ECHO with DOPPLER (Pedia) (Below 18 yrs. old),,
AORTA with DOPPLER,"1,325.00",ULTRASOUND WITH DOPPLER,AORTA with DOPPLER,,
ARTERIAL DUPLEX STUDY,"3,400.00",ULTRASOUND WITH DOPPLER,ARTERIAL DUPLEX STUDY,,
BIOMETRICS (FETAL BIOMETRY) wit,"1,475.00",ULTRASOUND WITH DOPPLER,BIOMETRICS (FETAL BIOMETRY) with DOPPLER,,
BIOPHYSICAL SCORING (BPS) with,"1,925.00",ULTRASOUND WITH DOPPLER,BIOPHYSICAL SCORING (BPS) with DOPPLER,,
JOINT / EXTREMETIES,"1,475.00",ULTRASOUND WITH DOPPLER,JOINT / EXTREMETIES with DOPPLER,,
LIVER DOPPLER,"1,325.00",ULTRASOUND WITH DOPPLER,LIVER DOPPLER,,
NECK DOPPLER,"1,475.00",ULTRASOUND WITH DOPPLER,NECK with DOPPLER,,
PELVIC DOPPLER,"1,375.00",ULTRASOUND WITH DOPPLER,PELVIC WITH DOPPLER,,
RENAL DUPLEX SCAN,"2,400.00",ULTRASOUND WITH DOPPLER,RENAL DUPLEX SCAN,,
SCROTUM / TESTES,"1,725.00",ULTRASOUND WITH DOPPLER,SCROTUM / TESTES with DOPPLER,,
SOFT TISSUE MASS DOPPLER,"1,475.00",ULTRASOUND WITH DOPPLER,SOFT TISSUE MASS DOPPLER,,
TRANSCRANIAL DOPPLER,"6,300.00",ULTRASOUND WITH DOPPLER,TRANSCRANIAL DOPPLER,,
TRANSVAGINAL (TVS) DOPPLER,"2,000.00",ULTRASOUND WITH DOPPLER,TRANSVAGINAL (TVS) / ENDOVAGINAL with DOPPLER,,
VENOUS DUPLEX STUDY,"3,600.00",ULTRASOUND WITH DOPPLER,VENOUS DUPLEX STUDY,,
WHOLE ABDOMEN + AORTA DOPPLER,"3,600.00",ULTRASOUND WITH DOPPLER,WHOLE ABDOMEN + AORTA with DOPPLER,,
ABDOMEN AP/LAT ( 0 - 12 ),475,XRAY,ABDOMEN AP/LAT ( 0 - 12 ),,
ABDOMEN SUPINE,420,XRAY,ABDOMEN SUPINE,,
ABDOMEN UPRIGHT,420,XRAY,ABDOMEN UPRIGHT,,
ANKLE APL,370,XRAY,ANKLE APL,,
ANKLE APL (BOTH),685,XRAY,ANKLE APL (BOTH),,
ANKLE MORTISE,370,XRAY,ANKLE MORTISE,,
ANKLE MORTISE/LAT (BOTH),685,XRAY,ANKLE MORTISE/LAT (BOTH),,
ANKLE OBLIQUE,370,XRAY,ANKLE OBLIQUE,,
ARM / HUMERUS,420,XRAY,ARM APL,,
ARM Bilateral,800,XRAY,ARM Bilateral,,
BONE AGING AP,400,XRAY,BONE AGING AP,,
CALDWELLS (SKULL),370,XRAY,CALDWELLS (SKULL),,
CERVICAL SPINE AP/LAT/OBL,850,XRAY,CERVICAL SPINE AP/LAT/OBL,,
CERVICAL SPINE APL,500,XRAY,CERVICAL SPINE APL,,
CERVICAL SPINE LAT (FLEXTION /,650,XRAY,CERVICAL SPINE LAT (FLEXTION / EXTENTION),,
CERVICAL SPINE OBLIQUE,500,XRAY,CERVICAL SPINE OBLIQUE,,
CERVICO-THORACOLUMBAR SPINE,"1,200.00",XRAY,CERVICO-THORACOLUMBAR SPINE,,
CHEST AP/LATERAL (4-7 Y/O),370,XRAY,CHEST AP/LATERAL (4-7 Y/O),,
CHEST AP/LATERAL (8-12 Y/O),420,XRAY,CHEST AP/LATERAL (8-12 Y/O),,
CHEST AP/LATERAL (PEDIA) 0-3 Y/,350,XRAY,CHEST AP/LATERAL (PEDIA) 0-3 Y/O,,
CHEST APICO LORDOTIC,200,XRAY,CHEST APICO LORDOTIC,,
CHEST BUCKY / RIB CAGE,420,XRAY,CHEST BUCKY,,
CHEST DECUBITUS VIEW,420,XRAY,CHEST DECUBITUS VIEW,,
CHEST LAT (11X14),200,XRAY,CHEST LAT (11X14),,
CHEST LAT (14X14),200,XRAY,CHEST LAT (14X14),,
CHEST PA (14X14) WALK IN,200,XRAY,WALK-IN CHEST PA (14X14),,
CHEST PA/LAT (11X14),400,XRAY,CHEST PA/LAT (11X14),,
CHEST PA/LAT (14X14),420,XRAY,CHEST PA/LAT (14X14),,
CHEST PA/LAT/LOR,600,XRAY,CHEST PA/LAT/LOR,,
CHEST X-RAY (14X17),275,XRAY,CHEST X-RAY (14X17),,
CLAVICLE AP 370.00,370,XRAY,CLAVICLE AP 370.00,,
CLAVICLE AP BILATERAL,700,XRAY,CLAVICLE AP BILATERAL,,
COCCYX AP/LAT,475,XRAY,COCCYX AP/LAT,,
ELBOW APL,370,XRAY,ELBOW APL,,
ELBOW APL (BOTH),685,XRAY,ELBOW APL (BOTH),,
FEMUR APL (THIGH),495,XRAY,FEMUR APL (THIGH),,
FEMUR Bilateral,920,XRAY,FEMUR Bilateral,,
FINGERS (DIGITS) PAL,370,XRAY,FINGERS (DIGITS) PAL,,
FOOT AP OBLIQUE,370,XRAY,FOOT AP OBLIQUE,,
FOOT AP OBLIQUE (BOTH),685,XRAY,FOOT AP OBLIQUE (BOTH),,
FOOT AP OBLIQUE LATERAL,575,XRAY,FOOT AP OBLIQUE LATERAL,,
FOOT AP/LAT,370,XRAY,FOOT AP/LAT,,
FOREARM APL,420,XRAY,FOREARM APL,,
FOREARM BILATERAL AP/L,800,XRAY,FOREARM BILATERAL AP/L,,
HAND AP OBLIQUE (BOTH),740,XRAY,HAND AP OBLIQUE (BOTH),,
HAND AP/LAT,370,XRAY,HAND AP/LAT,,
HAND LAT,270,XRAY,HAND LAT,,
HAND PA OBLIQUE,370,XRAY,HAND PA OBLIQUE,,
HIPS (PELVIC) AP,420,XRAY,HIPS (PELVIC) AP,,
"HIPS, FROG LEG",420,XRAY,"HIPS, FROG LEG",,
JUDET VIEW (sacro-iliac joint),400,XRAY,JUDET VIEW (sacro-iliac joint),,
KNEE AP/LAT,475,XRAY,KNEE AP/LAT,,
KNEE AP/LAT Bilateral,920,XRAY,KNEE AP/LAT Bilateral,,
KNEE AP/LAT OBLIQUE (for childr,580,XRAY,KNEE AP/LAT OBLIQUE (for children),,
KUB AP,420,XRAY,KUB AP,,
LATERAL DECUBITUS ABDOMEN,420,XRAY,LATERAL DECUBITUS ABDOMEN,,
LEG AP/L,475,XRAY,LEG AP/L,,
LEG Bilateral,920,XRAY,LEG Bilateral,,
LUMBO SACRAL SPINE AP/L,495,XRAY,LUMBO SACRAL SPINE AP/L,,
LUMBO SACRAL SPINE SERIES,920,XRAY,LUMBO SACRAL SPINE SERIES,,
MANDIBLE OBLIQUE,500,XRAY,MANDIBLE OBLIQUE,,
MASTOID SERIES,700,XRAY,MASTOID SERIES,,
NASAL BONE,370,XRAY,NASAL BONE,,
NECK ULTRASOUND,900,XRAY,NECK ULTRASOUND,,
ORBITAL SERIES,685,XRAY,ORBITAL SERIES,,
PARANASAL SINUSES,685,XRAY,PARANASAL SINUSES,,
PATELLA AP/LAT,475,XRAY,PATELLA AP/LAT,,
PATELLA Bilateral,920,XRAY,PATELLA Bilateral,,
PELVIMETRY XRAY,450,XRAY,PELVIMETRY XRAY,,
SACROCOCCYX (AP/L),495,XRAY,SACROCOCCYX (AP/L),,
SACROILIAC JOINTS,420,XRAY,SACROILIAC JOINTS,,
SACROILIAC JOINTS (BOTH),800,XRAY,SACROILIAC JOINTS (BOTH),,
SCAPULA AP,370,XRAY,SCAPULA AP,,
SCAPULAR (Y),370,XRAY,SCAPULAR (Y),,
SCOLIOTIC SERIES,"1,300.00",XRAY,SCOLIOTIC SERIES,,
SHOULDER AP,370,XRAY,SHOULDER AP,,
SHOULDER AP Bilateral,740,XRAY,SHOULDER AP Bilateral,,
SKELETAL SURVEY,"2,850.00",XRAY,SKELETAL SURVEY,,
SKULL (AP/LAT),415,XRAY,SKULL (AP/LAT),,
SKULL LAT VIEW,300,XRAY,SKULL LAT VIEW,,
SKULL SERIES,650,XRAY,SKULL SERIES,,
SKYLINE VIEW,450,XRAY,SKYLINE VIEW,,
SKYLINE VIEW Bilateral,850,XRAY,SKYLINE VIEW Bilateral,,
SPOT FILM,200,XRAY,SPOT FILM,,
STANDING BOTH KNEE,920,XRAY,STANDING BOTH KNEE,,
STERNUM PA OBLIQUE,525,XRAY,STERNUM PA OBLIQUE,,
THORACIC CAGE (RIB CAGE) AP,420,XRAY,THORACIC CAGE (RIB CAGE) AP,,
THORACIC SPINE  AP / LAT,495,XRAY,THORACIC SPINE AP/L (T. VERTEBRAE AP/LAT),,
THORACOLUMBAR AP / LAT,950,XRAY,THORACOLUMBAR  AP / LAT,,
THORACULUMBAR  SERIES,"1,300.00",XRAY,THORACULUMBAR SPINE SERIES,,
TOE AP/LAT,370,XRAY,TOE AP/LAT,,
WATERS VIEW,300,XRAY,WATERS VIEW,,
WRIST AP/LAT,370,XRAY,WRIST AP/LAT,,
WRIST AP/OBLIQUE,370,XRAY,WRIST AP/OBLIQUE,,
WRIST OBLIQUE,270,XRAY,WRIST OBLIQUE,,
WRIST OBLIQUE (BOTH),370,XRAY,WRIST OBLIQUE (BOTH),,
XRAY FILM 10X12,0,XRAY,XRAY FILM 10X12,,
XRAY FILM 14X14,0,XRAY,XRAY FILM 14X14,,
XRAY FILM 14X17,0,XRAY,XRAY FILM 14X17,,
XRAY FILM 8X10,0,XRAY,XRAY FILM 8X10,,
ZYGOMA OBLIQUE,370,XRAY,ZYGOMA OBLIQUE,,
ZYGOMA OBLIQUE,370,XRAY,ZYGOMA OBLIQUE,,
,,,,,
